"filename", "language", "JavaScript", "HTML", "CSS", "C++", "Markdown", "XML", "Makefile", "C", "comment", "blank", "total"
"/home/wang/C++Project/WebServer/Makefile", "Makefile", 0, 0, 0, 0, 0, 0, 3, 0, 0, 1, 4
"/home/wang/C++Project/WebServer/README.md", "Markdown", 0, 0, 0, 0, 116, 0, 0, 0, 7, 13, 136
"/home/wang/C++Project/WebServer/bin/resources/400.html", "HTML", 0, 61, 0, 0, 0, 0, 0, 0, 11, 13, 85
"/home/wang/C++Project/WebServer/bin/resources/403.html", "HTML", 0, 61, 0, 0, 0, 0, 0, 0, 11, 13, 85
"/home/wang/C++Project/WebServer/bin/resources/404.html", "HTML", 0, 61, 0, 0, 0, 0, 0, 0, 11, 13, 85
"/home/wang/C++Project/WebServer/bin/resources/405.html", "HTML", 0, 61, 0, 0, 0, 0, 0, 0, 11, 13, 85
"/home/wang/C++Project/WebServer/bin/resources/api/files/upload.html", "HTML", 0, 288, 0, 0, 0, 0, 0, 0, 16, 35, 339
"/home/wang/C++Project/WebServer/bin/resources/css/animate.css", "CSS", 0, 0, 2655, 0, 0, 0, 0, 0, 10, 494, 3159
"/home/wang/C++Project/WebServer/bin/resources/css/bootstrap.min.css", "CSS", 0, 0, 1, 0, 0, 0, 0, 0, 5, 0, 6
"/home/wang/C++Project/WebServer/bin/resources/css/font-awesome.min.css", "CSS", 0, 0, 1, 0, 0, 0, 0, 0, 3, 1, 5
"/home/wang/C++Project/WebServer/bin/resources/css/magnific-popup.css", "CSS", 0, 0, 310, 0, 0, 0, 0, 0, 6, 36, 352
"/home/wang/C++Project/WebServer/bin/resources/css/style.css", "CSS", 0, 0, 484, 0, 0, 0, 0, 0, 42, 135, 661
"/home/wang/C++Project/WebServer/bin/resources/error.html", "HTML", 0, 61, 0, 0, 0, 0, 0, 0, 12, 22, 95
"/home/wang/C++Project/WebServer/bin/resources/fileitem.html", "HTML", 0, 289, 0, 0, 0, 0, 0, 0, 19, 35, 343
"/home/wang/C++Project/WebServer/bin/resources/filelist.html", "HTML", 0, 370, 0, 0, 0, 0, 0, 0, 9, 51, 430
"/home/wang/C++Project/WebServer/bin/resources/fonts/fontawesome-webfont.svg", "XML", 0, 0, 0, 0, 0, 655, 0, 0, 0, 0, 655
"/home/wang/C++Project/WebServer/bin/resources/index.html", "HTML", 0, 130, 0, 0, 0, 0, 0, 0, 6, 27, 163
"/home/wang/C++Project/WebServer/bin/resources/js/bootstrap.min.js", "JavaScript", 2, 0, 0, 0, 0, 0, 0, 0, 5, 0, 7
"/home/wang/C++Project/WebServer/bin/resources/js/custom.js", "JavaScript", 26, 0, 0, 0, 0, 0, 0, 0, 4, 11, 41
"/home/wang/C++Project/WebServer/bin/resources/js/jquery.js", "JavaScript", 3, 0, 0, 0, 0, 0, 0, 0, 1, 0, 4
"/home/wang/C++Project/WebServer/bin/resources/js/jquery.magnific-popup.min.js", "JavaScript", 1, 0, 0, 0, 0, 0, 0, 0, 3, 0, 4
"/home/wang/C++Project/WebServer/bin/resources/js/magnific-popup-options.js", "JavaScript", 21, 0, 0, 0, 0, 0, 0, 0, 7, 5, 33
"/home/wang/C++Project/WebServer/bin/resources/js/smoothscroll.js", "JavaScript", 6, 0, 0, 0, 0, 0, 0, 0, 24, 4, 34
"/home/wang/C++Project/WebServer/bin/resources/js/wow.min.js", "JavaScript", 1, 0, 0, 0, 0, 0, 0, 0, 1, 0, 2
"/home/wang/C++Project/WebServer/bin/resources/login.html", "HTML", 0, 55, 0, 0, 0, 0, 0, 0, 10, 13, 78
"/home/wang/C++Project/WebServer/bin/resources/picture.html", "HTML", 0, 109, 0, 0, 0, 0, 0, 0, 11, 18, 138
"/home/wang/C++Project/WebServer/bin/resources/register.html", "HTML", 0, 53, 0, 0, 0, 0, 0, 0, 10, 9, 72
"/home/wang/C++Project/WebServer/bin/resources/showlist.html", "HTML", 0, 1, 0, 0, 0, 0, 0, 0, 0, 2, 3
"/home/wang/C++Project/WebServer/bin/resources/template.html", "HTML", 0, 61, 0, 0, 0, 0, 0, 0, 8, 6, 75
"/home/wang/C++Project/WebServer/bin/resources/upload.html", "HTML", 0, 64, 0, 0, 0, 0, 0, 0, 15, 6, 85
"/home/wang/C++Project/WebServer/bin/resources/video.html", "HTML", 0, 71, 0, 0, 0, 0, 0, 0, 5, 7, 83
"/home/wang/C++Project/WebServer/bin/resources/welcome.html", "HTML", 0, 89, 0, 0, 0, 0, 0, 0, 8, 18, 115
"/home/wang/C++Project/WebServer/build/Makefile", "Makefile", 0, 0, 0, 0, 0, 0, 10, 0, 0, 8, 18
"/home/wang/C++Project/WebServer/code/buffer/buffer.cpp", "C++", 0, 0, 0, 115, 0, 0, 0, 0, 85, 40, 240
"/home/wang/C++Project/WebServer/code/buffer/buffer.h", "C++", 0, 0, 0, 44, 0, 0, 0, 0, 5, 11, 60
"/home/wang/C++Project/WebServer/code/config/config.h", "C++", 0, 0, 0, 0, 0, 0, 0, 0, 5, 1, 6
"/home/wang/C++Project/WebServer/code/http/httpconn.cpp", "C++", 0, 0, 0, 304, 0, 0, 0, 0, 30, 55, 389
"/home/wang/C++Project/WebServer/code/http/httpconn.h", "C++", 0, 0, 0, 70, 0, 0, 0, 0, 5, 25, 100
"/home/wang/C++Project/WebServer/code/http/httprequest.cpp", "C++", 0, 0, 0, 350, 0, 0, 0, 0, 40, 62, 452
"/home/wang/C++Project/WebServer/code/http/httprequest.h", "C++", 0, 0, 0, 79, 0, 0, 0, 0, 10, 9, 98
"/home/wang/C++Project/WebServer/code/http/httpresponse.cpp", "C++", 0, 0, 0, 228, 0, 0, 0, 0, 20, 25, 273
"/home/wang/C++Project/WebServer/code/http/httpresponse.h", "C++", 0, 0, 0, 48, 0, 0, 0, 0, 5, 9, 62
"/home/wang/C++Project/WebServer/code/http/readme.md", "Markdown", 0, 0, 0, 0, 1, 0, 0, 0, 5, 0, 6
"/home/wang/C++Project/WebServer/code/log/blockqueue.h", "C++", 0, 0, 0, 139, 0, 0, 0, 0, 22, 39, 200
"/home/wang/C++Project/WebServer/code/log/log.cpp", "C++", 0, 0, 0, 159, 0, 0, 0, 0, 31, 27, 217
"/home/wang/C++Project/WebServer/code/log/log.h", "C++", 0, 0, 0, 60, 0, 0, 0, 0, 5, 16, 81
"/home/wang/C++Project/WebServer/code/log/readme.md", "Markdown", 0, 0, 0, 0, 0, 0, 0, 0, 0, 1, 1
"/home/wang/C++Project/WebServer/code/main.cpp", "C++", 0, 0, 0, 10, 0, 0, 0, 0, 7, 3, 20
"/home/wang/C++Project/WebServer/code/pool/readme.md", "Markdown", 0, 0, 0, 0, 1, 0, 0, 0, 0, 0, 1
"/home/wang/C++Project/WebServer/code/pool/sqlconnRAII.h", "C++", 0, 0, 0, 18, 0, 0, 0, 0, 8, 7, 33
"/home/wang/C++Project/WebServer/code/pool/sqlconnpool.cpp", "C++", 0, 0, 0, 65, 0, 0, 0, 0, 18, 11, 94
"/home/wang/C++Project/WebServer/code/pool/sqlconnpool.h", "C++", 0, 0, 0, 30, 0, 0, 0, 0, 5, 9, 44
"/home/wang/C++Project/WebServer/code/pool/threadpool.h", "C++", 0, 0, 0, 56, 0, 0, 0, 0, 5, 9, 70
"/home/wang/C++Project/WebServer/code/processing/AuthService.cpp", "C++", 0, 0, 0, 36, 0, 0, 0, 0, 7, 7, 50
"/home/wang/C++Project/WebServer/code/processing/AuthService.h", "C++", 0, 0, 0, 14, 0, 0, 0, 0, 7, 3, 24
"/home/wang/C++Project/WebServer/code/processing/RedisSessionManager .h", "C++", 0, 0, 0, 16, 0, 0, 0, 0, 7, 9, 32
"/home/wang/C++Project/WebServer/code/processing/RedisSessionManager.cpp", "C++", 0, 0, 0, 33, 0, 0, 0, 0, 7, 8, 48
"/home/wang/C++Project/WebServer/code/processing/UserService.cpp", "C++", 0, 0, 0, 53, 0, 0, 0, 0, 7, 16, 76
"/home/wang/C++Project/WebServer/code/processing/UserService.h", "C++", 0, 0, 0, 14, 0, 0, 0, 0, 11, 4, 29
"/home/wang/C++Project/WebServer/code/processing/uploaded_file.h", "C++", 0, 0, 0, 7, 0, 0, 0, 0, 7, 2, 16
"/home/wang/C++Project/WebServer/code/processing/uploadservice.cpp", "C++", 0, 0, 0, 113, 0, 0, 0, 0, 10, 33, 156
"/home/wang/C++Project/WebServer/code/processing/uploadservice.h", "C++", 0, 0, 0, 20, 0, 0, 0, 0, 7, 2, 29
"/home/wang/C++Project/WebServer/code/readme.md", "Markdown", 0, 0, 0, 0, 1, 0, 0, 0, 0, 0, 1
"/home/wang/C++Project/WebServer/code/server/epoller.cpp", "C++", 0, 0, 0, 35, 0, 0, 0, 0, 13, 9, 57
"/home/wang/C++Project/WebServer/code/server/epoller.h", "C++", 0, 0, 0, 23, 0, 0, 0, 0, 5, 12, 40
"/home/wang/C++Project/WebServer/code/server/webserver.cpp", "C++", 0, 0, 0, 249, 0, 0, 0, 0, 48, 39, 336
"/home/wang/C++Project/WebServer/code/server/webserver.h", "C++", 0, 0, 0, 55, 0, 0, 0, 0, 5, 17, 77
"/home/wang/C++Project/WebServer/code/timer/heaptimer.cpp", "C++", 0, 0, 0, 98, 0, 0, 0, 0, 22, 11, 131
"/home/wang/C++Project/WebServer/code/timer/heaptimer.h", "C++", 0, 0, 0, 43, 0, 0, 0, 0, 12, 18, 73
"/home/wang/C++Project/WebServer/code/timer/readme.md", "Markdown", 0, 0, 0, 0, 1, 0, 0, 0, 0, 0, 1
"/home/wang/C++Project/WebServer/webbench-1.5/Makefile", "Makefile", 0, 0, 0, 0, 0, 0, 30, 0, 2, 9, 41
"/home/wang/C++Project/WebServer/webbench-1.5/socket.c", "C", 0, 0, 0, 0, 0, 0, 0, 41, 20, 8, 69
"/home/wang/C++Project/WebServer/webbench-1.5/webbench.c", "C", 0, 0, 0, 0, 0, 0, 0, 371, 53, 30, 454
"Total", "-", 60, 1885, 3451, 2584, 120, 655, 43, 412, 852, 1605, 11667